id,acousticness,danceability
0cS0A1fUEUd1EW3FcF8AEI,0.991,0.598
0hbkKFIJm7Z05H8Zl9w30f,0.643,0.852
11m7laMUgmOKqI3oYzuhne,0.993,0.647
19Lc5SfJJ5O1oaxY0fpwfh,0.000173,0.73
2hJjbsLCytGsnAHfdsLejp,0.295,0.704
3HnrHGLE9u2MjHtdobfWl9,0.996,0.424
5DlCyqLyX2AOVDTjjkDZ8x,0.992,0.782
02FzJbHtqElixxCmrpSCUa,0.996,0.474
02i59gYdjlhBmbbWhf8YuK,0.996,0.469
06NUxS2XL3efRh0bloxkHm,0.00682,0.571
07jrRR1CUUoPb1FLfSy9Jh,0.952,0.688
0ANuF7SvPeIHanGcCpy9jR,0.996,0.579
0BEO6nHi1rmTOPiEZvCIDW,0.992,0.353
0DH1IROKoPK5XTglUt9Pq0,0.00478,0.643
0HVjPaxbyfFcg8Rh0plyo5,0.993,0.453
0Hn7LWy1YcKhPaA2NItG9K,0.979,0.525
0I6DjrEfd3fKFESHEjnelr,0.972,0.528
0KGiP9EW1xtojDHsTGARL5,0.996,0.468
0KNI2d7l3ByVHU0g2aW3P0,0.75,0.528
0LYNwxHYHPW256lO2phedM,0.993,0.397
0MwMyEO5AxYpghTU6gB85H,0.0239,0.744
0OM9aSti0UOwN9yuz1m85y,0.939,0.465
0RdLX7r5HrPOGQabZIjCfi,0.0808,0.389
0Rfu6umKtRBny2reKydNph,0.0105,0.763
0TIfXVGqyiOTuWkuxEzQzc,1.16E-05,0.568
0TT2zA8fatUuvTnPABz3lS,0.25,0.521
0UYplqEm5qa4hkEo64C0TW,0.959,0.603
0UztrUuVBPMn7cEys3LWQ4,0.984,0.269
0XGoQAeP51ySJbtqXhuJrl,0.381,0.936
0YCVsd1quXrjZWIiROp1vw,0.984,0.58
0YHjhp3fj1IgLFtDsw8v3M,0.944,0.656
0Yt4hib6XmdB0YOkVl3QoL,0.0323,0.697
0Z6sMDs4BqsNshmprUBWGT,0.996,0.613
0aeTGPtEdNsqGDn3cqcS7l,0.0397,0.369
0bq1lNI8OPhdRQYZZSSnQk,0.021,0.559
0cU0Kxxk3w3HNDhv8m0cLf,0.00397,0.641
0e0zhCKclqwgJgA7Tjg2ca,0.79,0.745
0gIniSwikXODTBupqYPCI1,0.00744,0.737
0gmSdjhXEjlLVJh32Ii6Az,0.00174,0.602
0h3qkb5rHEVsQm9JeySob5,0.31,0.639
0lqEx4vktZP1y9hnwfF27Y,0.995,0.482
0ojvOshbJWnvrcPRgLVtg2,0.986,0.641
0sj3QeaCpacCfxL4c5TQBl,0.995,0.534
0tOhG2JieOnLL8XSCdoKcE,0.083,0.84
0vhLeFi24U1oYB0odNNVV3,0.000103,0.779
0w1niwodVUkILevvugjgNa,1.75E-05,0.49
0xKe1lGyWBuk3lx3JIUUUx,0.147,0.603
11rj3RWlVnnxW0EL7jwN8R,0.367,0.716
12EoJ4NTFAwRDsV0TeiSqD,0.689,0.69
13Cp2OYw0AXbb39kj4vony,0.983,0.553
13GPrQSJCYQ0UubGg9IwZ0,0.964,0.23
14YYUaft0fQCYn7IqL4FYV,0.365,0.565
16WOPztTggX5a2wdkG4zWL,0.021,0.814
16p8aoTTQ08SkJtx1VATFD,0.963,0.498
17hxoQSZt46mkZGHtVt9yV,0.994,0.487
1Bn6okAC9ntFOhKnsJPZkG,0.435,0.68
1DfwOz5apF0w2d8hccSkhH,0.996,0.575
1GrSchVEDloSplofxpQX6h,0.938,0.368
1Gt8Mf423GHyuXIRHM1ymX,0.73,0.72
1HAK7hlSD1szWBiaC7PO7A,0.996,0.679
1IXmlA1rKwIBqsxKE9PO2A,0.989,0.623
1KU6CRh6ctSo1uCupMAnA4,0.336,0.652
1NLQkLXi6eKvHriBSo1pMv,0.934,0.306
1QI5WTvnpNV5vJJQU4DPX1,0.996,0.369
1QS0MyTMZPosdthxhALOhT,0.995,0.287
1X21kzrq3Fi1cGNaV8nTXa,0.995,0.716
1bkvm3Ij45rYHplMYoegjX,0.972,0.632
1bzr8IhTopsIKToYnjIyTS,0.219,0.609
1ierpLZZSofFzKqDzh28yj,0.167,0.828
1pIFwQpzFwcWtFIZXuu2FX,0.00846,0.831
1spKxUCvNzw1ZmZLPotE1k,0.52,0.707
1vRn5VowmIoCNOyuy9GIm6,0.0403,0.666
1xmJl2HjAyebReR7s83yJo,0.0828,0.854
1z8wyVUlZC7K2RdPRe70BE,0.776,0.792
1zpPyaMsJIqc0umXBfOkH8,0.214,0.89
21V3Z1zsHv6XVLj4t7x9by,0.0786,0.792
21h1Sraq1TC2AuWgdG5Z5W,0.993,0.257
23AaYEj5iOKOIzfnzbA6Nu,0.229,0.747
24pfUpoUsOo4XyPaHgPDBu,0.646,0.439
28csnSz7AHcGYYxufDVL7G,0.988,0.577
2AWOgskypXnjLItNjzE6l5,0.996,0.551
2HH1UNGftpz0IMfHqfJaSD,0.959,0.478
2Jd26bWgOlF9hVWTYhKlGM,0.932,0.382
2MZtBkCQLoEfpWl8dXuNfE,0.99,0.509
2PCiNuXDp5StM7fEmSLhPq,0.761,0.0735
2SQPbZQWoI1EVWh0YN3zXO,0.71,0.326
2XVujD5mP2bMSXLkpqeWKU,0.995,0.287
2YhYGZJExSEpVb42iP8QYy,0.855,0.69
2ZZ4rkQvNDkQt86sdwd398,0.932,0.382
2cCJbwvd4EHPa7rNvoVCvL,0.0124,0.761
2e9fGpMVXdp8vj5YpSxd0B,0.0123,0.526
2gUkW0vlRnpcX57aESZWHQ,0.117,0.842
2gzzgyvxUNjF1Q6B2zjjef,0.434,0.685
2ijTs6mInatQG5cbElWaP3,0.996,0.433
2jLH2nQ5GtKFcPaKkIPdPs,0.000181,0.739
2lPgRiJE3LXsi9ABxNNVnV,0.983,0.212
2lTl3eUKAGNFq5crR0a9Bk,0.00676,0.79
2oRDv2SU6nuFQKYWEoyTUY,0.994,0.446
2tvg1EATUx6VKS5ybpvhRa,0.995,0.427
2tx8aZ0Ow7wBMBZJO2EFk8,0.985,0.185
2yNQVRy7nlVepnqxgerxH2,0.0462,0.804
2yz9R2XjQ7v5uj8N4bzrz3,0.00508,0.487
2zDLChc7oaaMRCWXL6GGtB,0.253,0.604
344JRi2uvqmVOs2S1kF7Lm,0.0313,0.801
34quhtd2AfsCt4NUxC5WwU,0.995,0.548
35Isk2sBRwDbvg1YEshvOv,0.996,0.672
36j2K8rWBwWgeJW5asvd33,0.985,0.625
3AGInDslPPFCzYs046aVxc,0.994,0.227
3CP9yypwi3WTRdn6RsSko4,0.99,0.456
3FRmOYlvAx6TrF4jOHNY0H,0.916,0.508
3HG4p2D55sv5hm46uhuxY7,0.996,0.37
3MJWdB4JqU5Q45BU42G5SL,0.895,0.474
3NUN6erafFldcaCeyNYs0T,0.0399,0.447
3OcHYYvV8PaBUGXxRae4DD,0.00139,0.932
3T0BbvsltD3A4ic1JVACF7,0.000166,0.703
3XuZLV6ez0DPIUu1oV1WKp,0.961,0.713
3YKOfuDR93zR78bfaFX6ad,0.685,0.799
3Ybhcxyi3wjsoDqpB1Jrc1,0.984,0.383
3ZwEEZEXjCsADlRnqnsHBq,0.941,0.586
3ajZwXiT7qpanVm5DcvcQF,0.887,0.653
3bAbuTItBZapcLh3bt93ep,0.459,0.477
3bODa3MQBKlWH9fix7IFHV,0.0739,0.439
3bRtNZNNfScmGReTA6AKRg,0.0154,0.795
3d1y2U7VtHlRbiXqren9Hi,0.995,0.369
3e83ZnSInKBnjlFHO5IogK,0.979,0.583
3hTCsugtAdgQGmTE6LkmVI,0.942,0.397
3kjaYn5CnAM2v00hkJY7Wb,0.895,0.474
3rSNsGlrikcIdjhzIHoaXB,0.00762,0.691
3v7bswiSS1QErhGKSc2Vgk,0.996,0.345
3vTys7kWK733lvNmrcbIiP,0.993,0.453
3vygxg7h6KsLWSHLcCg5Hf,0.994,0.624
3xkS1O0JZ4cG4Fubs4nWZD,6.01E-05,0.808
3yruhl8dlu3zUXc53Fnmw8,0.994,0.61
40j8iS1ClIh73xUFrvdEJg,0.7,0.197
41aob5c3jiEpOl5IPJ7Xd2,0.732,0.671
43ta15kmDRuUvpRL6lpHsy,0.0113,0.666
43xRMARR0NcTbuTEbRjm4I,0.992,0.602
44J1CFMxIyTPlevcDghAsk,0.984,0.157
46JY9OYPi4hJ7oLIS0FZt0,0.996,0.623
4D7ECbHkFqiBGifeAIb1at,0.117,0.833
4G2aGGlJfKjXoaQSsdoVEy,0.989,0.68
4HDguZ5btEwwmBrzNtDz7z,0.000669,0.823
4HYmmG8uHL2hP4zSFWavKF,0.992,0.574
4HsM025MRTDfhvpPPOSqaN,0.972,0.528
4L2HdjUaOAxF6JGp0Jvp3S,0.986,0.312
4Lb0u3JwC4EWQXugQKGphZ,0.996,0.632
4MsVQL9djtpPsMM0tqtqzg,0.99,0.312
4NRMFGQeSVY2m4qNLrwVPV,0.988,0.409
4RDT3ftT3V0IJVmW0TNgof,0.996,0.593
4ZtNSgwk3ErgdrhpNXokHx,0.989,0.402
4d7IwbmhNmY2gQBtaYnTZ7,0.985,0.328
4dJ7WmMZgP2r91Gva8Ejbs,0.99,0.312
4ekpJ0IXeZHDNxUqhJluJQ,0.996,0.589
4f9JFM9WYnaLgKOX2GXbLt,0.996,0.477
4fGLehaLo7wfTZiCpb7C4q,0.00294,0.609
4jFsBM3wEzUXd9k8H4CL2A,0.0148,0.594
4jyti77pNe75LOwLVSYHb4,0.572,0.703
4kQxqLAtWzMrThDHBwV8q1,0.979,0.525
4lDjkpUrpWlMFofIpzuExK,0.996,0.488
4lUstBcJNTsSZrqgJoPPUI,0.971,0.313
4pWy7AYFfXU6XgbZmtrz0n,0.0039,0.826
4qHVjzBNc4CB2jM5uizth7,0.964,0.23
4r8pgW9PoHVhyTG4bCYpzc,0.276,0.694
4rrCPXC7Res1Fhx3v5phcx,0.0156,0.802
4rwfJITgPxy8cvkqXtMLHY,5.22E-05,0.268
4xVbS0WgPBmA89o6T9gV0G,0.00744,0.534
4yQu4WbamHMMBuAg3z8qy2,0.428,0.797
50k3rGrtZGw9nw7FQ1n3Yv,0.000929,0.538
51NKrVfrZWMxsXZho6OcMf,0.00909,0.306
57JZ4n54HjudI1Bzpx2cWR,0.934,0.608
59YfBYbu3UlY9kTzFGCcC8,0.865,0.526
5CMLMZ18hkm3QgDFzJdlTN,0.996,0.49
5DUWF93gAZ7cJfS3jjg6d7,0.75,0.528
5Dh1E4kXDwXwVfChsExG3G,0.977,0.594
5DihlLenQJhJXGJhbtiTrM,0.986,0.208
5Ds4ZzPLAPP5YbcnNrYZN8,0.993,0.519
5Emq6oTLQBqI8QErCNCNM8,0.863,0.503
5EwQxd2XGjp1BUZT2iHhEj,0.994,0.392
5GLDqWlZcVrem1MjyMesLr,0.0968,0.481
5Gwgo0I8mI4idVlMC2Lb8w,0.00115,0.662
5J0Hs1Oy4e9KARkVvz3dS6,0.00282,0.32
5JkAKZWkbWiVqIxe21xEXx,0.375,0.652
5L6jZosvgKb3ISY4RQFBOO,0.951,0.361
5LnfrTxUQwINaVUIqaNmXa,0.992,0.344
5MPqeFSuX4PRAwJ4qKeAZL,0.903,0.611
5RgQ7t5uimI5St2H3CV9pb,0.891,0.41
5S1ff4Q4nkzgwqg8zmAQje,0.981,0.474
5SNmWjfuDJT9Vm9PZafQgr,0.996,0.485
5SY5AFYWfwwFbTKnmQKEsx,0.994,0.402
5VIYNqIf3f8dYKZLiC8LfX,0.394,0.367
5Vjq62elGoOE69kZqzhb89,0.995,0.41
5WRYqQFhUACITeTPaT0nWB,0.0496,0.743
5ZJwBpTn1jT5FhQfzAsS6r,0.988,0.534
5bvbUq9IGGgJ6VPkBuZDXa,0.529,0.864
5bx9VS0wfBQfVYk0ujrBoB,0.996,0.616
5coKBeU4K12cTAAG1ZfEtf,0.024,0.524
5dl3NPGRjySpSgFu5p6sBH,0.934,0.608
5eVJbIyBTgWtSgUO2qnIhs,0.996,0.563
5hGkF4zNg3KWoNzIAbVFsB,0.996,0.499
5kZAr97MV7Hxxb38WwNBzK,0.993,0.259
7xPhfUan2yNtyFG0cUWkt8,0.732,0.819
4BJqT0PrAfrxzMOxytFOIz,0.982,0.279
4d6HGyGT8e121BsdKmw9v6,0.957,0.418
5RwgWnsoFMOHSwS7s3W2Ws,0.134,0.825
02GDntOXexBFUvSgaXLPkd,0.993,0.389
05xDjWH9ub67nJJk82yfGf,0.996,0.485
08zfJvRLp7pjAb94MA9JmF,0.982,0.684
0BMkRpQtDoKjcgzCpnqLNa,0.995,0.463
0F30WM8qRpO8kdolepZqdM,0.994,0.378
0H3k2CvJvHULnWChlbeFgx,0.99,0.315
0LcXzABeA84EgudqpNUN1I,0.912,0.415
0MJZ4hh60zwsYleWWxT5yW,0.0175,0.527
0NFeJgmTAV1kDfzSQNK41Z,0.989,0.384
0Nk5f07H3JaEunGrYfbqHM,0.957,0.259
0POO8XaUgW5Qjbv9sbDy8W,0.996,0.541
0QQmUf4aPFaN9U2yRko595,0.148,0.604
0QU5xT6Mik4vpyt1ItsRXK,0.971,0.54
0QvUUTHYUQQhSXLwffzjL7,0.994,0.67
0RPKAq5yhbom6hXQz5qo6L,0.994,0.4
0SK1upzAP6NvIgF0uGh6z2,0.995,0.648
0UqiUmGDlhL0A0pmLxafn4,0.995,0.223
0VhIFYGSpY0Z8IAIA3C6bX,0.97,0.269
0eQsdik7GTEy7M3UytCbSN,0.993,0.389
0i7MdVu0tNEyUdgpCBilKe,0.996,0.5
0osXBirvQzPRfKSUDzHPCv,0.388,0.685
0qt9g8zf2ZiQhy3FIx89xA,0.99,0.665
0sIGoVO1yuIfpikLaKqqVY,0.992,0.286
0y3F8OUDFuB5bpWpXnQi7n,0.992,0.332
0yKcdafy64xX9n1ant34Ry,0.991,0.484
0yxeAe7MlS0UWZVdNZVZWw,0.505,0.233
5yHRupjhJzuqxW5WjGTRr7,0.478,0.42
3t9PZ2JaKhJ05sy5NddMYJ,0.497,0.599
0WKd91LoIHCFIhDmgewjhy,0.518,0.73
5X1ZzHtn1oAz51qigsBjhJ,0.324,0.788
4tCdoXt7EiwZZhMevxmY8u,0.745,0.697
1qNEfGNs1wLT9RIHWdTXwP,0.0904,0.631
6tWg05l8fgCms52XX9qI2C,0.99,0.0882
43MM4MWwgBKWbdQDNpkGKE,0.175,0.606
4i3GraNMzBKze1WsVl38DS,0.209,0.49
4JiOPPO0PGFwrmU77yiv0g,0.333,0.841
16OJaSoHprYI0EDgnNl3Dj,0.191,0.737
0K0ThVUda2p9rvmKCrWT2K,0.728,0.475
0fsO8vN1CSYiUo7vcEPI01,0.121,0.407
0TJKaj8YD4UZF4SRXvY3mq,0.957,0.395
4EDeBzhZMcHEx7A8IcDiaL,0.0642,0.437
4jjMZKgrnsnJMsZG3GkrGq,0.268,0.387
7CFdji3daThHXGROYNnkv5,0.219,0.515
3orYpkRkDdwVgMPSC149Lv,0.511,0.556
4dmOQs3LUlmxGenu1GxogE,0.439,0.69
3qETaeQwo2GbAZvpT8dLrv,0.000598,0.511
524wvipGqxPKYWxkjf9y46,0.0999,0.758
424KWmtujlgaeYI39hQCpS,0.555,0.206
4OMsAnt8JSBctSJQIMNAy1,0.0195,0.557
15BRQw874j7j4AoNo5pLHE,0.365,0.343
58nLgrkgVsVA4w5dWsFgR2,0.187,0.493
7d3xOvOisvHtHbuGrMstop,0.0013,0.517
7KT088cs0FVVQum6IyT0X9,0.0854,0.401
0oDcdYJcbqZz3YPZp8On1h,0.00139,0.758
3C5cvFzAklAzMffGjirEVw,0.000998,0.366
5nKxjtNarrszxTb8xLaPEt,0.000506,0.664
0Ox458KpvZQ1Kuj9mUNPLL,0.0421,0.513
0MfVxjle1gcQPZ8oNKQaZn,0.0611,0.517
1OtgKfkArIaanXT140hSmQ,0.244,0.546
2COFF0RCCTQATFZlez8wRp,0.0199,0.641
4VTRlB4KVaNfm7ZbMOKLNT,0.221,0.622
3vaUkUwn93tHS6kIRj36iu,0.0896,0.69
4k6ktr10Hczmh55NY3LfJy,0.0542,0.854
1L1rw8wJldJshKDz7VGQyX,0.00113,0.604
0gdLTqxAY4DDUQxXzmwj1z,0.915,0.749
0473iKdXDNNfkSAacZk8Qo,0.00181,0.684
1C2QJNTmsTxCDBuIgai8QV,0.0616,0.467
26KfTIxhbed48YQEmoAte5,0.00558,0.865
4AZFdWGuK1VfUpvPBUM7pv,0.81,0.631
1UmLoYPdiMurc0W1f5vQi6,0.000107,0.276
54007AqKIiRCG69C3ySu0b,0.0793,0.647
6X7B3S45L91cTueAOJ0p22,0.000471,0.48
0EAvKXjChn1Rc3QmfYXevy,0.892,0.607
0L4QQ7ek1kdWoGT6QKg1TX,0.552,0.591
0Rdfu7NQubmGmYz90usRCU,0.0761,0.73
1lxG2fyNgE7zPtujk1M1EJ,0.113,0.545
5w18nowVMRZrC5Na9Vxoth,0.0226,0.706
55wQQxWHDPQtrFgDTSxQNw,0.0379,0.534
2WO1QXoR1o0R1rYKAxF7Ya,0.00309,0.473
6pgeIJIGuc08jOa1lMQURf,0.00271,0.837
6ftcAmQPmGbk7Gkr5MJe4T,0.127,0.684
1OJtldFMCFCFQuRdMSOOZe,0.0294,0.704
5zTX7MeCrTX5ZBFSqJS7XZ,0.147,0.618
2E2S7nlptmoxW0UsMZRZLQ,0.022,0.738
07q6QTQXyPRCf7GbLakRPr,5.69E-05,0.415
6TuK4RWxjjURyGz3i3rexc,0.000206,0.682
1D9KEXIrlmPUkMTdYzqgX4,0.0913,0.776
7nMRIcKxSJZrNz0im8rBKM,0.00213,0.487
18NezaQ1GIzJkvZx9hG0bX,0.103,0.656
53ASgWanoDutnYVrmhY6Dr,0.169,0.473
1K7bwHdwsTjt9YiNmiib0P,0.256,0.715
4w0JGMZXfl0DS6UmZkM50h,0.141,0.48
230SHXjjyWkT7Zorx6hsiy,0.0505,0.549
5AxTOYCk3PdFUtURkhdcne,0.182,0.353
1fvc8FP8MUrIbHGYb4kF89,0.457,0.582
0BWq6UEd2ZYVxKEG7KglBS,0.535,0.538
6RZNcc5xNJJ5XYaMRvAXHj,0.0149,0.792
1Kt8FVKWOLUfAR8QKe6WID,0.000983,0.599
5lezaZXRyEsGBgKyKaGRZA,0.874,0.678
5DYDDZPd20FXR6w3cNNc7Z,0.00936,0.606
0BLPuaA32HDg6AJTUT4WMl,0.0279,0.554
6rETCKhmnW9yv0rKBYuCmn,0.468,0.614
5KWXi2eCYsC6ofIILjvG4V,0.243,0.446
7HyS7GpvDHC9BZCyAxbdBp,2.61E-05,0.808
2q49JWdTqa951SdCXZW44g,0.0412,0.528
1RMS3n7WyZXG8VBYxuYrWK,0.014,0.748
3rqNbu3pkx6wthuAXAtaGd,0.0541,0.825
28LDX6B5UxzpoNrgz9jBvs,0.237,0.72
4UP5HP7IAnNdxD01g1lzQp,0.428,0.44
5xkFohehYnNUSuDqG8slm9,0.0113,0.692
6QOZWUCG5vq4xtU3mW2ZA2,0.158,0.733
4yTfS6zARtBK1CaI7XI4TF,0.394,0.507
6kasN4p6p7Y9LT0OBdLES2,0.625,0.49
706J1rUGiSw74G8btRZLow,0.0022,0.787
6g7bQ8qabCjVQQj2giiYZZ,0.431,0.653
70PfKa0xKReEn3CtaOQfI1,0.142,0.751
5y1iInKBJiE9Qfi4eKOal9,0.0189,0.55
7GYUKoPAvmIjVQbFQQpnma,0.0324,0.626
1Y5wYXgX9dHwSKZdQNHEhV,0.941,0.612
7hvon1BUbyqoeOYUx0kE9J,0.00837,0.576
1EKiQ1InQXuodp4M1idrng,0.26,0.586
2NnZ0hLrt6yWkb5IM0pLEH,0.14,0.236
3ipzZgH1766XXRamVwk1Iw,0.184,0.754
0xjBv2kbRpCEL6TctQhto0,0.485,0.27
65PAx3F8JYA1dJNufkn8Tm,0.0984,0.821
6fqKo3ji5kAn0fOfugJUac,0.318,0.613
2F9JloTNvfkIvwXJP0bZUO,0.000109,0.395
2uh1LZQonwjqNcXGpts5fe,0.0593,0.644
3RfNQMIeuL2QC9l4VxOMoj,0.0032,0.684
3M6N7n8abm3k9UMktgtPnt,0.0548,0.464
3LJOZalbQSkfWLb0y2kypN,0.471,0.532
3eSXOMyUCXF9uhJXFPjgjL,0.00231,0.639
6FbGlkHKGkYqpSCuBgurn3,0.178,0.615
0t9I2hvQGtrx7kRGvPX5E5,6.83E-05,0.522
7BMWunZCzpUdESUgWSuNRa,0.0319,0.688
1DuhuCbnaq1Nc3VbFEyiTI,0.0535,0.65
36JTeBkgB8Gl5bUEuFGthU,0.677,0.748
0iZx48jbKygnse0brGA5BU,0.000398,0.259
4IN3imzEuTsiHO6tOwDQu5,0.149,0.55
3v47dhoCGYeZjPp4Vt2DWA,0.0338,0.77
5d22scOOfbrK7GHy3ZTT3s,0.812,0.378
3yKBj4uKrrzOsA90ATumxE,0.0017,0.507
5VBwLOZDyDWInNYIUniuZG,0.000424,0.23
4YHR2xmSMSWBXp1QDcJ5oA,0.000637,0.574
6bJlR3XVNgAOIkKdiKkZz4,0.591,0.866
6lKc1ofriJufcMAuDTWVZA,5.06E-05,0.257
09aDV0TC2RfWFU5IwZfIdG,0.00163,0.695
2VIHRS2OBWsFmo3PLbXYA3,0.038,0.72
6iJ6tQd4EfPh5fSyuAiUVG,0.245,0.508
4NHAMlrZzz0RDpiUz6XA8c,0.000101,0.784
3mzV0WDATjcpzcTNK2TLJw,0.000125,0.416
5C49fiMQH79tRgB1HLmKLE,0.0449,0.795
1iMOlA78LDd12ZHhuBNDh6,0.0491,0.723
5hRKdYqGHOLyDVSJ6DIaED,0.00326,0.808
3bwhl6x6S42hMFrwigJaFw,0.00484,0.722
5swI7pxURgL5SGNSIUShKd,0.207,0.35
4kkeuVl6gF3RMqE4Nn5W3E,0.0178,0.602
5wt09DFYVY5I5lCL4HgyYX,0.161,0.624
5uaTGZyDMK1iZ9eW1qeBEX,0.492,0.416
6H1DV35PIPfxGgtNGODvTp,0.195,0.452
2OdM7OEeVMcklHMiS47eba,0.982,0.095
6SrumnaxDD87KORaM4BY6W,0.000492,0.505
2yVhdgjCt0T2keTR1YlKEp,0.57,0.796
1Qfrjbh9n2gd7Q0xpuJToo,0.000125,0.884
4ucLHLiSjvkCz5Lr5dlVUj,0.11,0.609
1hStfor6CC3UJonySS3pVG,0.221,0.637
5R34yWuK4EWjy3l6IAfMFJ,2.58E-05,0.475
2xed5f2jM3Rpu65SLY3sop,0.00036,0.809
5iQCD42G5pGwBc6crVaHnq,0.117,0.895
6WA5sWYiO2N6LafEHqqSpw,0.107,0.443
3gVuz4Bhvxb2J0iGSH8bCZ,0.931,0.624
2JLxlgeIL0KbnNps5t05Rb,8.55E-05,0.796
28IZUzBnFsBxyrgdsdlQPg,0.0107,0.774
4pO9e3RmF9wm8iyFqgOwhb,0.247,0.728
4xYUnLUwwWMndNlCQi4CqX,0.142,0.649
5YemVC7sAFc06EQEvF8mbd,0.0146,0.639
09ZeNJ09kGQDdlvdPJ2Vfd,0.896,0.624
1KeZNwor1yQg3bsw5gE41r,0.00549,0.606
3THFKx88trZuOFlssVLJ5G,0.00452,0.493
3DcBCFz1gFOd7Dng3poYsk,0.106,0.841
2SPTGg9SC5MT1FwNX4IYfx,0.0273,0.593
4McVxTclu7RMrjY9k6Ny8i,0.000344,0.81
7oL13WHjhUFhVq9POP7qfC,1.20E-05,0.559
7kn9N031fs4az8ikG6aeJa,0.0246,0.792
6fIvjDuusQK59brMgHV9qb,0.121,0.625
7rre2TwRmYDeYHLuZN7v7H,0.0909,0.802
6Ng777bqg8fwA7N7GyUDYm,0.521,0.817
4RvlcwqajT0b5HBMbNm7L3,0.000458,0.686
2oUX4i8ByoaDrHHz9z5Bga,0.929,0.164
7HgFIQm424hr6R4MHLtpWN,0.0132,0.684
2sdarYql1R0GAdFsdb4LDM,0.000879,0.834
0B6hftUkpOK0DHzyt5h7r5,0.0718,0.566
4dPP7GEqsI5yRy8w8CqWVi,0.0869,0.381
0T20Uzaj9lyekqDxFmovMp,0.542,0.611
6L4PjBaEjTxI0sOBGq8OQg,0.000927,0.541
1KJMCQk7gzkkVOcGQT1J37,0.0972,0.5
58rgceeiYu1wFneDP2j5LJ,0.524,0.74
1krCrsxlc0tXH419cr6xIP,0.451,0.452
2At3wa1XCMnEendDMO9qcM,0.465,0.534
2qPQjjJkapwYbErgesD81D,0.00319,0.872
5fF0fb0VFihGDHFshDLi2Z,0.782,0.826
5N9k8lIuVKOONBKqqk8359,0.00457,0.454
7AsqUKKbPMxOFNIbRLBxHt,0.000449,0.543
1Hsu8Gghx3udKco9aZUnU1,0.146,0.621
5kxinzQqkSJhL7QDdvkDFM,0.274,0.663
3OAbmG1NlMtdC971gM5GEX,0.015,0.6
2YvQY4h5KBhgF34YpNcz0z,0.138,0.613
0GJ21yUwVykIrHfCzkcXDv,0.906,0.559
0bedbzMf1fpDK2MwdLSPOR,0.978,0.253
0ipYA3BGeyTSTT9GgQs7oC,0.0972,0.315
5zJAnQ1NFfks3SRbIRLVSM,0.0161,0.722
71hQRlTdrhBgPUA3J8BTNw,0.736,0.267
1iZkruStn62olwQqsGjBMh,0.288,0.582
3bHnxT5KHWPOb7Pl34jmzG,0.798,0.607
4PoqWtVeTMZTB7E9Uubwf9,0.00769,0.797
4pDzQqqrKqeB6XewwVo2d3,0.00348,0.636
12STlPvcWtxRXhV5XaHhVh,0.12,0.0914
1cYudm5fk5igcsjroJKmFw,0.75,0.37
2Qqd2xCLrFrInpg6sNXXJM,0.985,0.512
3X4T0KunohTtDaecqBZ8vC,0.0218,0.57
7s0fJ0s9A5eRh4NXaMkfgS,0.00316,0.464
0dvWqDcjdP8SIXLRuaYuA6,0.995,0.0911
1ADc6t4EDpXnkFqPAkAakT,0.162,0.749
6ecfBFGZISjyrabvxJ1L2f,0.0204,0.904
6xLnDYOWdE83raLEpMBdo1,0.0858,0.83
4LU9Gg0njNhCS2QbUS4xut,0.0717,0.773
0FnDpz9Wo8xawwu5DrzCI4,0.768,0.149
0PPM3VNXOaQBLm6auvZDJG,0.000517,0.371
37jrubWAb4F9TY2GgSRG56,0.276,0.594
4Hmc81ZS9s2WlTvOsuoiTQ,0.992,0.268
68CzXNGAMmb3k5MhLu0xVb,0.0387,0.709
595G0No6FI82sWWsbsQEoX,0.994,0.361
6cBJjtNNB6tLLR2hNTZPdB,0.936,0.438
2glALemt4eHbVuhJPr1QuN,0.669,0.497
3Sw47SggMOpS9ZQqNPrzdt,0.00963,0.954
3di2SUB3jU1v5HPQCkc84L,0.0603,0.595
4SNUDNMT5H04jd5bSkARw3,0.248,0.801
2TscTCoQgLCYPkQ8PxGJo8,0.0617,0.514
3jqjfcT9DoQIBAZ7UifBjb,0.802,0.675
4Z9is8IlwRlOmKsW58c4p2,0.194,0.755
51vwS6773zzztI2ZEexL3S,0.545,0.674
5es9FeUsKa8P8bB5iuN2co,0.618,0.487
69z3gqoQPKRuqQ7WiLtC3p,0.197,0.588
2gpTbzVPDMtxsDjLn2FrII,0.255,0.507
6jbDzD5bYs1uzpDvRjCK7y,0,0
0zXMZx9kvFO6x58JiIh4BJ,0.0467,0.762
1ojhluy3IVpd0YhjF20S0t,0.915,0.803
2M8tI5gnzbtV2Cy4jejI7e,0.241,0.697
2zlrtodRDvPLPgjAe14lA8,0.865,0.559
3UGUlDxCwTCzqksn3ugaoA,0.0117,0.389
44xqX8IBgEkis0PZrKRXp1,0.00445,0.571
4qUzfjdggcxjkRWNhw38KF,0.153,0.157
57YlhzK9E1fx3wN2XfSiVV,0.0137,0.684
05JGVUwt7XJk5FPqH0Wsch,0.0635,0.563
6dajPZCsFuxoYhMppn7NHy,0.614,0.668
6mQlq4Fd8C1uBbnwdkkXYm,0.746,0.109
77cE860dMIkUmxozroh4Lv,0.408,0.701
1c4h1CPZBRDrzgLtaKyCTV,0.0947,0.601
1meDHLJIswtXUCaGE38mCt,0.000122,0.344
4yCoB7NLTxHQoNclRnbGav,0.0408,0.732
5tVzG4tw3M9VLkcQ0fOtgF,0.614,0.599
6nGUcW4caAW7Wx5oAcSIJZ,0.532,0.642
7dA551bzhrAwNrIfKqqRmO,0.993,0.491
7egFsSRqX14O2b59ohtlFm,3.69E-05,0.71
7i7RWP480M2Mo27KJ6hmIa,0.114,0.593
2zbL4HT7m2C8vvsZ850nO5,0.898,0.606
6IkHllqvhbMRfmMwT32e1x,0.161,0.781
6VcHG5c12qcSgZwUqMF6mx,0.681,0.515
6kT2VCmHwlASVk9iyZrKj8,0.845,0.496
1oEorIwRatBqY341WaeEmX,0.314,0.62
2Cp1gf5u22oAs789JpvBy1,0.524,0.411
46uYxgBiPPrtYjwjcTs4w6,0.986,0.516
5MVbhLRhOLCifhbjwVyZPX,0.216,0.725
6PiOlFSX06npr0YXexWkrg,0.188,0.637
1FFdEj7FraajsH2mkVfYRd,0.0109,0.651
2PKkCGoCc4idF91R6RvFEN,0.0405,0.711
4QKkCh2wn5iTdws70W9XaR,0.302,0.355
5qmk5hdA3HOP4LLARCaT31,0.855,0.444
1QLMZ79E0by4NVnPVVty2p,0.457,0.682
2RW6XsvHnPmZza1QuJy1wm,0.0221,0.164
6mbbWBNf4GmJAp0OElsShF,0.769,0.168
7wt6sMZ7RVmb4fiFXePS3K,0.0268,0.857
5jsl5OwqVCSiu1KqLI9J5h,0.114,0.846
4nsIvnzaCbOVZz4oeKZSSM,0.0507,0.648
5XFgYOGPQQ9PRchIYx9Wgj,0.931,0.419
5zf1890t2UZ4MOxs3hTytD,0.369,0.707
0kC2pQf3a4Cdvs16KTbWCC,0.889,0.255
3bukDXkdwGUdmla2QuyDTn,0.292,0.443
64RG7HdjfXNqHNlhgHRE9P,0.148,0.831
6JhkNS62fXEiSTVKvou61C,0.000153,0.289
7tTuLRjVBfIyiwW5yZiCUM,0.215,0.498
09pG26LmLnCyDZGEpdnvo1,0.812,0.876
0TtwIipQU1we6AKmbWST6X,0.706,0.437
1HkXY1LjFkAQF01DctB796,0.000999,0.724
1X7XrLsRtbjkwKCOqZwg5y,0.00818,0.547
3KTfwbSw455pMTq8BfFIF3,0.0319,0.508
3f0Le90S1CWheOUhEWJ99D,0.327,0.338
5TiuWTxFfIkmKcHJ6f4IjC,0.677,0.495
7ekdESavxjaGnUY6rnrp9D,0.0156,0.807
303gYmZ6jQSq0JDKsJ8a4u,0.0318,0.245
356poNyArJ68eErTR07Xqq,0.969,0.169
4a405lpBJBVqvjfW4oCoyb,0.894,0.584
58uem87EElJobfMa1jR20B,0.723,0.126
5Y64EBsSx34nTB4gB1kAFv,1.93E-05,0.207
6YxSgb19eNWGfJs8rwMkT3,0.481,0.461
6jz32sjDndaTFNqpC6ZkDF,0.584,0.529
2nkynQIDF6ygiFI4x5KSaS,0.0873,0.66
3vXBoGZnanFF0NSQ5Of8UT,0.148,0.585
4MbHczuBtyPUdL7XpXedMt,0.000157,0.211
6Nxg2YTR3WK1FOJ6DFIWSs,0.0462,0.62
7k8Ykg4aJ1rSWB1nCBUQsI,0.00268,0.689
0IsouFZ5lZFxvKoLDGTRxK,0.0088,0.551
27tYDEQreFZz7wBKGppUK1,0.0106,0.622
33Wqw2Q3WILtUk7Pnsi3du,0.000486,0.312
4GoVFC43NOzE3PPp3r44Ll,0.13,0.496
5LtcaeznPdGln8YafkV8bh,0.0678,0.51
5UPAsUyaojOEDhVq7wqSuz,0.749,0.469
5IQuANwW5MknNrpmSrmDEF,0.462,0.777
5dOA0yswTUbMiiPCTQfnsx,0.00843,0.349
0ieL9hQJOHdlnyeOoBv768,0.61,0.438
5Bs1pw78Y84wmLdukRjIX4,0.00784,0.537
6Q8uX6NfLOBjTgYh6ulMXm,5.40E-05,0.401
0MoOqqa5sjmGqhucGLyKkJ,0.128,0.65
0muTVrgm3x7FUPXCglIBlP,0.303,0.714
1wskq6HrGRjFaq4M701tOA,0.579,0.678
3eKcrAevTIZvqWqLChKKMW,0.304,0.44
5tqDIPhoNziW5ew3u4gwdS,0.37,0.65
6SxIk9D67PwLFoXLRjhJbL,0.017,0.805
6UlBFv3f2WyI19zB0Uf7nf,0.00609,0.928
79pE3HJAnegJL4gywoURmA,0.0724,0.738
1U69R16ux7yNb4Rnl4vIIe,0.877,0.344
34oYzILaNsdFPt48Yeb8aq,0.155,0.651
6hLrXi35mMsVYTbsO1rood,0.00551,0.619
73Z4cMq1xuCORe0k9msVhy,0.188,0.556
31jkrjcvIXNFWScK2zj0uF,0.0294,0.915
4Cg05r39aFjzN1UN9jTK4O,0.171,0.778
6r1Fl3Ki7wXkvowfCzqEF9,0.126,0.633
7CHeskr7TfEY1RJoMqeHzv,0.99,0.39
06T13g0Hh00zWwMjtpqIKU,0.46,0.677
1VCpTqHK43wTIB5BcVxiZo,0.14,0.676
1kvVVUEGB0DQNVOuzJVnmG,0.198,0.748
5HTAYvTUfz7Q7SBPLZl9nu,0.608,0.531
5J32HBvOLwvvJmgwRhn8fh,0.906,0.753
5PhkyQqXlkLMXiDniiouT1,0.0654,0.378
1wRHNlEjTmpaXv99BFAGnV,0.048,0.797
3iWgig728pPO7zFPGj5IY5,0.0515,0.65
6vuYXvA0RTP8MOcJV2yYAN,0.000522,0.875
0809RpHic1xrZzh9CT4wXo,0.00719,0.628
1O5pf5R8xvppS2pD03HVy5,0.0164,0.825
1hSJnfkEqbGF5afz5aqKqi,0.0289,0.901
4AHZo8IPJYRvqYJuOgKOe2,0.913,0.537
5hc4uC9JxovPgPF3xRHUEV,0.141,0.461
22eApR0xFh901dvDH636L0,0.96,0.141
2BUJHjBlrEQWwuXKtR7Z7U,0.899,0.603
3RIDe85YSYGGoJ0daSzfhD,0.0232,0.499
5BJ6VxDf1jHfQnKiLXVqyb,0.466,0.486
7lRlc8pBmwpwhYD3ll0Dto,0.068,0.76
0GH0acI4Gh0hRwCvNu48zG,0.458,0.583
2o8p5yc49wnM1jbJyXN6f8,0.0704,0.778
5nt6NJgwLa8p0xWpjCWk5p,0.00706,0.487
0iIl3MuaddqIRpP93mDKxw,0.393,0.666
2ye5A347XzzLI66C718tN2,0.0152,0.55
3EdhwdhHMgYr1BLVIsXIDh,0.991,0.549
5knttL8ETsh77hTc3Q04h7,0.951,0.0883
6537IACrxDcXVPhGNSBkzN,0.276,0.89
1IHfJsjwabsyiMx1TlAO9X,0.937,0.473
3HGA8mdmacm3tW6qgyCE26,0.896,0.197
5Yy3MkY3YEga1ecYOb2XqX,0.683,0.557
5IUceLAshLX0OSTAdSLcPv,0.000484,0.823
3LdT7JYN6LCXUFnh0uaxgp,0.547,0.533
4l27J9YJWlSnwRYR1m2Oxa,0.0397,0.488
4pN1vkOPYK78Ab8mrUU206,0.418,0.571
5x5FUXjs53WbPuTwT6WD8d,0.00831,0.525
0HxoQJ1N7Tl3bHZvQnvhMq,0.591,0.415
2evxqPG8u9DkVdnCtPh1Hk,0.0777,0.644
5DkHYNiEqDnyKHW5r1Esj6,0.216,0.586
5dVS7gKpL2HzlicPnLNCL2,0.446,0.67
6OqRH1Hu3NsYeigbVmVCcu,0.000973,0.393
2qJbJ9LXtrwFNH3Tuf1nG1,0.859,0.598
3azxJbAEos0M4Ee07U3CnX,0.721,0.591
41Vs28E6Es3QdxIRqDnBv1,0.00741,0.795
6xdAWJnUp8xTBaczUO8sLx,0.26,0.302
0vJXil4qDbtkwXmxo0Rl1T,0.889,0.597
0fHTVPRRKmWaRuIwrsNTMp,0.494,0.591
1Rt10mmWpCNEsA4MRpO7o0,0.81,0.805
2Ec0liSMY2h4XORHyzKCmY,0.0826,0.618
2P7RV2BQ6hmQoIcHoGyp4b,0.338,0.578
2jHaeV9nx3KARH8srHZFER,0.246,0.734
5Z8kZvVpjvgg8NuHKr9Ijs,0.0217,0.639
6EmUlknZSc3QK8JSk7F2Qt,1.51E-05,0.318
0WzoFlhIk42l7mExIRAm4e,0.00997,0.707
2xfg6YnYSHbrPjGWjuQHVS,0.967,0.188
5XD4ta5JSf6CNmDPfTYZeG,0.000113,0.569
7eL2UWdB8UglEfnCvSypbq,0.819,0.495
7sgi66biRYpAXuRZJBDuli,0.906,0.738
0755biNI4iF5Ac6rm9GmHf,0.00683,0.217
0X0ClM8jVHU7N0ptHRqi7r,0.61,0.324
0qdHUulWIrWBrAKKsqrVvs,0.0158,0.347
1m79qq1pOsli9j4Pyyp4V1,0.845,0.371
2U1h5MX1OvaHaBxyU7819B,0.000317,0.332
57a31Q0EJnUmOCGzhM55c6,0.768,0.429
5T3W6nTHrIk12yWq2UZFc8,0.933,0.459
0XFYhlNH5OEQnYg9Oj21U5,0.815,0.32
0rHLMqXVjJlfV7GrHujBvl,0.855,0.631
16FEEqvnZKcgfA5esxe5kL,0.584,0.595
66ZBkOR0Q2bQEM42Pbj7hQ,0.643,0.586
6KHOqFiIl2zrugsFnbt1py,0.382,0.877
7pakF2fkD7TkpWznlDp71E,0.444,0.43
1tYWuxQgXJqA4L4jACzjcK,0.0187,0.38
2NlyjEmsj2YpwB6NXhn3qP,0.854,0.314
4rZB2G955dQMcjlb7e3VNB,0.0685,0.696
1dF9pukydQttkMGDGcPyro,0.00914,0.77
7hWod2nZxzIewqWEw45iUR,0.434,0.655
1M8wbxGt72j4nyD118oMuQ,0.115,0.507
1oVnIYWKugITYu99VMguwr,0.203,0.427
3pib07er1KcERP4jiNNFzt,0.0441,0.501
5oPFYXq8KnZuYXiSUkjDFT,0.211,0.811
6c7gRRQGErXszyjKecrKCz,0.00859,0.287
40JSjO17ltHsFWUlo2Y7Sc,0.0298,0.743
6v5THhwG0Of1H0tBnZ7kkw,0.974,0.458
0SorhWEyl6wkQ6vYAQt2D0,0.951,0.668
11DFnOWr3ZCeCPTMXLSWeg,0.143,0.576
1W3lwaQRhmT3LQW2xKQuqp,0.66,0.438
2Q6B1UEhcfH18jJgx9xSHf,0.231,0.632
2TnNFFgZhaBzEEobxDy5uV,0.689,0.387
2rIGJgLcBbI7EvHc0vHpHQ,0.465,0.519
3j2KIB5tHpun8AtHvQKsOx,0.277,0.698
020wPUtYCkdAsdwz1G7urK,0.151,0.828
1256ozOGDowNo7TNH94xeg,1.75E-05,0.18
6ALtdfVnklY8xp9bUBKVEP,0.263,0.485
6Ea1FU45HZRpJKfOLHiAzS,0.834,0.687
01QJoLzpz8Z74gtirjqZmo,0.162,0.488
0j14D2Jp4i9zg9KKm9aSBk,0.0288,0.35
311aMSaVTI99Qbx5pyF1yW,0.0414,0.853
7uzTm4WG1hFLcj4QPGkVZm,0.883,0.335
3W0bhwgoDfTkm5RtzCrR95,0.902,0.589
5cevh91ATYBb4TXkvYiUm0,0.743,0.564
7GPkaA7ZYLKOsZylGPoxDQ,0.308,0.378
1vWAWChbVffjnpl6PPzUA4,0.992,0.434
6t7taWgrWVlV86UuxmMyLW,0.172,0.635
0gKpVK227yLXhzUdOz20w2,0.392,0.632
1OgyTG8JVzJghfAWm4gI3C,0.443,0.371
21wyCeUnNsgVN8448C8Bbu,0.996,0.339
2otqdqFz0UIrHlxJYWJrDB,0.352,0.556
7BRJ8klu7xCnhB5vzXpd2m,0.31,0.526
1Le4SDanBrX8OtmnnyTNrh,0.00117,0.522
4eSptlk4boHEHiFKHnsyoF,0.198,0.669
62q0wyC0YQnQFvaD8mLEbK,0.0602,0.56
79EAVfOpzgfHx3IE2BVFQv,0.0921,0.689
0XSvuQnKl4ssIqunUzOd2d,6.87E-06,0.23
6Abst91IRiMqzPPmjC7Tir,0.267,0.834
6EapfEboY2MwbLwqjn4CnU,0.00902,0.252
0je6gk6ukXjHwzeybX6JLv,0.788,0.696
3DZ9lFH4NBO4FjRJAnQYef,0.15,0.531
0vaVO6tsqm0Gn8lCtYncsz,0.00953,0.515
1QlWwWK1925nOVbxVRx5Zs,0.0221,0.535
1b3mIay1XaXM19biwqTJdn,0.0802,0.784
4G0AYabT91GhjqVdIdBwWH,0.0981,0.726
7yQP0dsMgIV5FJT94htpxe,1.70E-05,0.295
23Zej7YaxT1Bapq1jyt0km,0.232,0.735
2CB4gM9asSvCLoxeqZj00U,0.275,0.509
4jRWsQp0nJZsQ9EbjEO82g,0.0101,0.25
4pVzrFPT1a4AI6H6Lt4MqO,0.00646,0.794
5unEdIlX9AdoNoQFw5m5ZM,0.352,0.639
6MrCccPAByfUy41kvJlUUu,0.983,0.695
4JzKVEZy8I5QWkYYgBuaxO,0.114,0.625
4XcfuWGTA6KmYg2kGSECw6,0.0801,0.726
0YgD7RN9I2ls8mpeUfGd3B,0.311,0.447
12j0Hvgy2QtAzvWbqxoTbx,0.000368,0.395
59xpdlaIK1l5hiYP1KsBxK,0.0692,0.827
0jNjI4KJleZP7EuzpzOvTo,0.123,0.707
4IUuE6MgvdNEfhuunr0mmC,0.0999,0.809
5aoiZpjbWrDkWAaGDARn2q,0.421,0.813
6sE3o6FJBPqpb3PINUZWx1,0.502,0.548
0AG7uyvBzBK99nZOVYPHBk,0.994,0.404
1RnAlgvpLO2e5n7bRXmzhx,0.365,0.671
1fbVlkib9ZYFFBwsEPD6nx,1.99E-05,0.457
49HyHz6uWXHV6GT8bhX3t9,0.249,0.59
6BRmfWR0DJGx6SPmIW2PZA,0.000335,0.44
7ar0x3rmUNKo1rAkxTy8S5,0.514,0.497
1op7nM2R2M6FAU6dSCTRWV,0.913,0.563
4r1jOYv86hPKYTTrYE5MgN,0.0347,0.683
7CTitzr4eVIDCPUJi5Dr4B,0.678,0.56
7gBsfpwuBRKegfrZ4QalZP,0.895,0.486
28z6jnOrnBIxo4rSY0IzZo,0.118,0.776
3rNRmQETcPHauTPFqS7z3T,0.000137,0.422
6B6OheiWNBfScvS7JLnMFe,0.717,0.773
3W1m2Kblq81MXRc7NiF91e,0.681,0.719
4jfrFYcMWGojddctOCCSjL,0.000243,0.326
5vLh40xCE0Hl0LJk5Sad1A,0.0416,0.69
2jpHhgyoBAml7ubmCeE5ai,0.00745,0.64
2l80clUADBUJzGBdcc8wlP,0.332,0.587
7cmI5N55E1nMoxfYJxqjw0,0.992,0.376
1kcb0KVXfQBESU9p7d47nP,0.138,0.457
2nIkRlJVgtVBpC1i4FPsrV,0.808,0.249
5Ht9968dW5h9tNnW7PbmLZ,0.0202,0.352
7ta4djmewg9iYaj0ehfgyv,0.209,0.641
0h3dxP1Akmx0CKzoJTHbBa,0.773,0.543
1kLZkckcmVJjpyKzpSduOn,0.144,0.602
3aKGVttskmuUXIvewY5Tca,0.63,0.359
6jTpj6yGuX2Bp8L21GD4pf,0.00486,0.279
7KLL4TSjeDuFo6VtM9gNWk,3.72E-05,0.284
14JG4VbsqeLsFuDJlkybOT,3.96E-05,0.342
1XNcTTiPwbhbher60LhsVK,0.668,0.497
2BEL2ySEBDO02FLo3lOIZT,0.00637,0.789
6ZmQQHxpWgAR4ZqzVvQVHh,7.62E-05,0.324
7aRqroLRrcGEKDoPsb6Wbe,0.292,0.763
1bW2zCcw71ryrAcliuy8Le,0.923,0.409
4h388oFro3DjMkGlBmX3SU,0.124,0.569
3brU0mLvFAJw6UfvmDzr5J,0.000197,0.591
7wR4RUkvcvpjWE8tWkGvMm,0.991,0.713
3bt9MSnMlJM5dnL112blx8,0.957,0.144
4z3dqTVGmEAYi0CEkXyWdr,0.0168,0.887
1CE8bPOMVnuasYdvGMduB4,0.539,0.658
3PZz2vAQq0i6nmL2BMD2Pp,0.041,0.669
3mI8v4GmCVlvcxXyzzX0Tv,0.11,0.596
6pus0UjezVUhUbB0m0faQm,0.0207,0.676
20nQpaFVoEMA5aUGD8yn3i,0.625,0.375
38oIp9y5zW2ylFE3y7MKaP,0.00802,0.759
0reeNj8VL0q9YRhq0p40Ci,0.0229,0.529
38aGhG0KaU7m5K1OTH62aM,0.0213,0.826
1m2W1pl5KcpAvUZtpG4JXc,0.000336,0.762
2kQUGIvhXnnBvpOw4taoHE,0.331,0.769
3jypIprWefCT4UME5z9Jur,0.93,0.198
4BmWbWeiHVAv6lMabQTn3Y,5.29E-06,0.872
4TaGGbiyRRs8Qpc90Clx38,0.562,0.452
7IWNJRIemIyC3NA8qf5Zy8,0.576,0.545
4QwkQu5sOkGel6S2b7ZYn6,0.405,0.601
6jEcFhllWB0clBHFylomJZ,0.248,0.496
5myx52HbO0UPIq6QwFVKTb,0.112,0.551
1mfyJ0YLhJwbFLzeE7f4ZR,0.00177,0.803
44l2QraBH96L5LejzEFWLH,0.282,0.896
1rFFglucdJ0EF6lg60NsNH,0.000702,0.373
2R3gfyDoBo0uXZSwTiKysZ,0.0136,0.74
67PhQYPgwEpPgyIK7hdL4H,0.995,0.164
7rGFyfE73J6lkEvFnCHucC,0.0452,0.61
7u9PRDogx5uVMFYRCsD1Dm,0.00638,0.882
4ANjm2hzxA154u1slPxyeM,0.00621,0.851
6s7y4KZZfaE28Iwk7OCpBh,0.899,0.29
7GAKkO3EXsJZvsG1racYMa,0.676,0.484
7GsSlGTf6F8Y0bxRcXp0zG,0.598,0.372
2Wt173KM9i97KSB52qCuqj,0.011,0.708
2zlPODWNfA81BUtBzdggA9,0.206,0.63
34IhFakqoA6aKnCkv97buS,0.279,0.37
7FUHPuf7kKN0zjcnNbNz6m,0.496,0.59
7M3i9uAuWILwr7qfQZSebp,0.0129,0.629
5UbN3fe9OB1p5KwjgUAHD4,0.955,0.247
38ybL9NmDjTQI4OTkqPk4F,0.0332,0.598
6vkkluJq72ahHSZNe3ZAiL,0.00942,0.594
6aFIULCS746tDAO3H78Wgg,0.202,0.313
1DTRyqSQ6CfDs46Ft9vUpR,0.305,0.554
1kgtTDFGnVIKQ210d2OpMR,0.00674,0.645
1vEpm2t75VL7Xl5h59q0L4,0.182,0.746
1jsHxa9i2aY1gbYkNnR7NO,0.94,0.556
7dQvzryAP8DrGuhG5KFF5h,0.000753,0.68
5zFiqmMvQbCgz2MFWERb5R,0.806,0.369
0eg0nRL9dLBaT0X43keMBc,0.763,0.454
4PsV2BS8H1ZXeBsXrBcQZL,0.0234,0.325
40RI3qFVisaEy0HC49LMkz,0.281,0.68
2w7hHtQVD1ITCmXsaGndkO,0.935,0.511
0FrT8a39eo6siL1yIxVGTP,0.00633,0.144
7rP6YvL3HG72Xkc9YX9YeY,0.0101,0.825
4EDEJX1niW95xERzQgmgSG,0.0161,0.501
56H3sLuRfcB8jzxZFTOPuE,0.0459,0.586
5Z53DsDtQ3H474nRstsksf,0.482,0.636
2QwCGctyqa4nipxNvAyfOu,0.0247,0.551
2BdSaGVMxZzEeJYjjrlo6n,0.0243,0.669
7p93RpHCWshzuFedwyAVCg,0.185,0.772
03gsb1WnVQUuLqChBvzmoo,0.0636,0.622
1DuOjUROIZFLSafI16l4Fm,0.0221,0.674
0SlljMy4uEgoVPCyavtcHH,0.0666,0.829
0TU6abTTTQgkGppAbQbnZ6,0.00111,0.441
2t17Hx0oopVsunzztM8IqT,0.92,0.686
4sFa1Q7Af0UOJ3PT3bgVyu,0.968,0.403
5zIr5QxelXdjb3tWETl5ky,0.00258,0.586
3LpF7EK5BI9TGGYKotXfmm,0.311,0.284
6E6SLdCDadErUAM90cAxGx,0.187,0.9
7hYZ07P7Ume5qFX2Jbc5gY,0.638,0.452
7sOqd1dVmfU5mgqrUtlqc5,0.068,0.42
2kqUrKtlceOFyTtzXGce8l,0.00135,0.497
1EhDeCHd34jt7dMDqkGQBC,0.0515,0.726
3ynO0MKjtDvBLkvVjw9Lsd,0.928,0.616
6cyt7P16ikVXyzHa6RpCFp,0.176,0.484
69M8ZHlnsjl9R1Ao21RhDO,0.00568,0.393
3DdipKfPNLKUjYG6Jw0zIW,0.262,0.601
6S6vBE7ULvWhToDw77ipYK,0.329,0.597
6tNeHmedp9qo3BsBp5zOPe,1.49E-05,0.479
1jRYlpFqclL0USpWQ4CQJL,0.422,0.418
4rNi7a3TOLYkgnmLYdE73H,0.0378,0.811
0IM3lz51NSnDfFcspCRBmj,0.94,0.379
3RciEQxS7PxtLqMs7OwRsU,3.37E-06,0.271
72LI94MaDLbpjgjguN7i3E,0.677,0.786
4cDL8SfFiCoFU9xc5nLzRC,0.511,0.701
1QjrZrwmlN2JiVliRkBJnA,0.865,0.719
5bKwokLK8mbbClG0r8bYJx,0.025,0.623
77VYeON4tF3iQYcFvosvCY,0.312,0.661
0V82wcNlunw76nvvmPL9tk,0.038,0.664
1jsmpziIq0P0ZSVFaIZTQo,0.116,0.802
2t14hckwDdy45OKVv957Tn,0.0333,0.764
1Y3p0Jsl9wrIxyEDFUj1YT,0.0133,0.688
5Q2uU5NGcS0mKwmgF28kRZ,0.0407,0.564
3XKVZ0wczFnMc7V2dGY4gP,0.155,0.319
0B7Hp8MXbiK8HoXqqYqTkW,0.012,0.707
0BJO4A2yjA1uT6pUQAB6G6,0.0931,0.811
1P4P6FJh734Fh2jF6GZ13A,0.988,0.109
34QWzSIwr9Zs3GuAYCdGEs,0.312,0.661
2ncrGS1OzFtPFQMm1jpuyt,0.0262,0.82
42wheyLf9pIM54FHBu0zba,0.471,0.61
3Vah9acceGHoVBgH4iijET,0.0812,0.629
3H8DzyigWnZ5Bgn3omG2bp,0.00108,0.801
0lM0UP8cjGvrnS25NvFFWc,7.20E-05,0.534
1IAbrei86jHtklXvfMMoTj,0.749,0.457
0vk5b6kj3QISHg4fpRPi6n,0.00834,0.909
1SLDZ7ZSFYjlQUZCkvIOET,0.0557,0.588
38bmGbMsHmBlN7IRuMjToL,0.637,0.709
0CHKRuAjf8LvCL6SxCnq7V,0.0421,0.893
0MT298VrmI1Kb7GFbxw43C,3.26E-05,0.347
0cYAFLTOkemKzu0RmXla8g,0.041,0.715
1AskFnURw6paF4HZNUOrfB,0.332,0.801
4dGEzvS84j7TfFEyS8pAi1,0.909,0.596
534ZkUsMRUb3wyk17Qh8hx,0.287,0.351
0rJsnS4UDuFvIJE04aDMCP,0.886,0.405
3krAYNCboTAD26dJwyN4BF,0.024,0.751
1Z6TxWcvyEkK0uMaPFdE7C,0.865,0.161
4CayREZylZ5ij94y1v0zlc,0.266,0.678
1BZKRL02BvbJ7RO517P63K,0.0247,0.551
1EbUYOmJkqKgUYgC2OI7Tc,0.0132,0.732
1DmaFfPzG4ifm0rRFg9Abt,0.773,0.264
20QoUUjUE4MW8eWCSeUGhX,0.0126,0.362
1Fz3lRgumNg20ln1uXrEIc,0.799,0.322
2TdaIMnopPFjYqckoyEUAJ,0.218,0.862
1kXOET5KVGJWMI03l3nqcC,0.798,0.311
3JVtnUPy4JhlbhQnfzw85l,0.445,0.762
3PwSr6a5c3iXEXevVQTldm,0.141,0.638
7qTZ3NYt0p2Bdyaq4YS6UL,0.0176,0.333
5Wq1UHTVPK11Uhufdl9Xez,0.0399,0.635
0p21vI2StdprWPtAGftM5c,0.857,0.148
3lGI4wZ0Vw2KW5UFYn91Rx,0.602,0.492
2E1IPG1MMwU8N70whuXXOs,0.293,0.67
03y2Oxu3fRBaM1iQY12eAc,1.97E-05,0.676
3tuC2PqYsBplcBKKbl4X10,0.00808,0.246
79PUD3ooVzy9gjM22kFycP,0.946,0.484
7vL54Ke5fNvWGD5BicNSMG,0.683,0.242
1aELBRfQMzTIeTLRGU3P3g,0.213,0.675
7JpXsxZMXTfm5i2RQ8ZgSp,0.6,0.843
1aELBRfQMzTIeTLRGU3P3g,0.213,0.675
2JejWNHxYQ71rwoJnERnZP,0.0186,0.682
3YW6xe6qoUXeiuD8Kq0Kab,0.907,0.528
3uLJA6A6gsEBYhqQR7C4wj,0.166,0.659
70HqtE4CPp8c6xAwQElfZA,0.741,0.443
77I2gnSr4vv3bsL44xbexa,0.0986,0.779
1CXIdCgBqZg5QlUIbVrZ88,0.0504,0.541
1AKHclGKFc3fjv0V9qnZ3w,0.0537,0.57
4wCphLx7qgMCVqXxMGw2Da,0.73,0.591
2q6vKKi78GYvMtPT2eJMx6,0.93,0.613
2Nk7XTp8lVLXDCOOwBZpuH,2.07E-05,0.487
6NJ6S33F819L2oQ5INCmuX,0.0333,0.748
3qJEZ8bexP5QJUQtUWzh2D,6.08E-05,0.799
0dEKHXkMPrC5vQkjPtmOic,0.000206,0.5
1muBWMei57WKVpYRZpGo0T,0.554,0.782
04Glred2wGdSNH11Qh4EDe,6.58E-05,0.59
0d1o5Rlg4oyL8TeyRcp575,0.0527,0.622
6ys9oyFvw7FXbs5UMZ7I7s,0.673,0.581
5umtA4N0lvefx2by0LwboR,0.927,0.783
42HaJ7QlInzQ5vHKWb5Ixa,0.248,0.885
5eVwPARPjnsvVNTaXFZwDI,0.00745,0.565
5nwzfbcg8RPyZB72WwQBWA,0.216,0.92
4gp3qaMIRFOw4MhGARfJbp,0.933,0.572
4fF34Yf5KsfUbCORyLGpEj,0.0462,0.944
2q40Olb6tzdC5D2HONnNKe,0.901,0.618
5qNr7GnEmD3zA2oQTAdI3a,5.89E-05,0.197
32eEz6XlyQAAQ2JjLVIyKr,0.000718,0.546
4eLCzybaneILH1zBkwwQyZ,0.681,0.637
2MT64FVEFMigKzU0jqhCYe,0.944,0.649
4qH8fQ5Ub2r6llHnrRGM3w,0.658,0.67
56X5qye0PeGumwrQwgIJ8c,0.27,0.591
3TnT4ULnE2bzJG40gUtZh6,0.343,0.52
7vRTK02bpjrRhawtH0ueb1,0.176,0.665
1l7xvA5XajmKQDo1h8Vc3K,0.125,0.78
48npTMIdZnLOCxij9RFICn,0.023,0.741
3TBloc9IQiHGWkzOSPoUA2,6.33E-05,0.562
4MlRKBOLGsw0fbDUHtX4uk,0.0414,0.633
3vm7NBtMNULBDQ8yAwVoWC,0.0332,0.555
7yxpyKYIzbl6btOnSD8yQY,0.00342,0.656
4HEjOCSLPqqaz5j0eq9dVX,0.514,0.689
1LPpzCB1GogRFPxWjpt2cD,0.0656,0.672
3flVeH74WZf4FFeKHmwV9I,0.0696,0.707
4utTptzJnMjGzduNQQWYst,0.0979,0.703
2IcRKEB63dQD9YnWso8Ogu,0.951,0.441
5bz7Wls9ayAzoyxgPP7Svw,0.01,0.577
40UZ85suwIhop8bJbVwkOg,0.00108,0.598
23sqMnL9CNybyA5M7axlbs,0.0404,0.783
0V3sTIbbFle05F40kv270f,0.316,0.475
0WVS68nm7pv19r3AYtkH4j,0.215,0.812
2krkoAg7wvttl6aJBFZhQy,0.169,0.669
0bpW0NwG1kDgCXxLKjc8NA,0.259,0.645
0dQPkfweyWDzZ20Auq3F14,0.033,0.477
7xHvlXGSvotGLstYYVcXYm,0.142,0.73
18tzenBUBfhF6Z15SGiGPk,4.60E-05,0.297
1OhQWzuIrjp3F7wWi8gqC6,0.974,0.255
2wzXhxWPX0aODraKNXoJYY,0.69,0.677
3POam0us4W59ccnsyubgsc,0.00424,0.395
4VTf5dPyBntcYFwW9b3fto,0.324,0.822
2dYdgfRS5kecQgYgTWREax,0.000528,0.31
0n0eMsX7WgEtc7dlscbuKU,0.0212,0.597
1uW3seyq6vytOeus1LJQe5,0.00396,0.578
31Z8a8TVSOK5qMtkCfp05m,0.898,0.498
0sqfbkwTGgS8pTqDdXFVZi,0.000173,0.663
6TYFcqqQVQPb3YsgfRhvqs,0.121,0.623
7pJBeN2aHf07QroPoroNTT,0.000117,0.596
3mu3BtXvnCftPTuhd81POx,0.991,0.42
11ierNDGraRs0QWMVdlvEK,0.26,0.567
1EiRuVyMKA7uSSeuWgCJiu,0.333,0.552
6pqDkWihnAIbfIwPI16OI4,0.00492,0.797
4vt0bSxOcbtF26WHijqlGA,0.394,0.771
4kr3qqBEMyKI4zBAlIpdmQ,0.000682,0.467
0Wy0oCdhHxm2wxTDWUfOic,0.722,0.486
2ZFhfOz3ggdRKWjcV3KwCk,0.162,0.691
6JQtbDWCFIxtoLKCG1At9t,0.0423,0.632
1KbhWtWDWjgml7ISGgcC75,0.0866,0.565
1rYYJVlUV2EcgehVUnwJvy,0.0495,0.511
3DUdmt3bft2RFfAr7ljfcn,0.615,0.692
5VKELcHc3xqRq0tySxMVrB,0.111,0.863
29q4qfRSU6mFs0PO2xh3CE,7.67E-05,0.806
2eNZsRS82lFb82XM4Yp9ju,0.452,0.556
4hA9tzt2nVRgVoqahPvILt,0.0065,0.787
0IKGay6QHzB1A0P00h60Gg,0.126,0.51
35ftygAB2iK0hpmivVegYT,0.00373,0.789
4AaiUYbKY7RTN4KwAQTdsr,0.945,0.697
1HfCXsmfIAPwBZ3ySxhoJE,5.87E-05,0.799
4rJ0ql37oCyxpBYZ3KGOgr,0.00746,0.85
4k5OSZ4cbAjZFRQju1C4pD,0.0285,0.401
2ZYpF0FgbijtqrYruYsJ7E,0.0462,0.932
66d2KavAxDSGaMpAH6RToM,0.269,0.587
0b4u7IhBY61kSmS8wVIPYg,0.915,0.382
3Jqg9kC93qh816gquLb2AU,0.535,0.435
3zUEYXUSi21F4pk73F7aes,0.858,0.379
7e3Emlw30lzTh7GjUiwiDb,0.00567,0.803
5rPyO5CaUB6dLAG5c3241y,0.0109,0.728
3u2jqtajrYYlF9HaeoOSKf,0.0161,0.65
20VRVHMwAspwLA207PdKOn,0.0814,0.616
7l9G1IDzoAyRMA72I2E4l7,0.000234,0.813
4E1Rquqd8ZAnOy3BYK0K1Z,0.986,0.224
1qaSeGzycwKDiXwGFCs7Pk,0.198,0.647
3c9MCyGp1o4RdSqbUNYa9k,0.155,0.744
2IUvOmmanZF5eSiAVYiJCx,0.251,0.66
6FXQERPP5in7i1o3hk1vWi,0.00673,0.708
2orK2HOc5ajeB3GLTKaILX,0.545,0.574
4jCio4LNO1eZbl09ed4ZFn,0.0884,0.822
34ylVfbxm1lFaJst15ApY0,0.0367,0.4
4bHrZLxaOU1gfAz0rZAnCx,0.273,0.801
3J8mclElH4X3u4GVFce3Sa,0.263,0.646
3YxKqZFpcxBPvpUssL8FS2,0.347,0.602
3UfevDVNGnMYlcmA5vh7VN,0.00037,0.701
5s4uRy5aXZnOBLeovT4jNt,2.10E-05,0.467
3apNYwY06Q5KHRfFfNDdOF,0.204,0.956
2ujV4s7kebg7kGP7FZUXql,0.953,0.247
3uasScFUiIPcs1bPG0sSYf,0.00201,0.808
0vur7myNcfUymUt6mHhNZe,0.00128,0.432
5N4x9qhWjn47ny5I5DV2bP,0.0159,0.517
3Yj9lNYD0su1mbTtA1ktat,0.0152,0.491
6PO1HmrMM2EQpZQ5Y61CVD,0.354,0.745
72d4IAYNxN0PEAr8StLgBL,0.484,0.79
6R22bC6trZu2QL73byX9ml,0.576,0.762
3bshjjlr63HkgFFxdA8mvg,0.54,0.594
1I8Tr88x5bhGe4GZzEb64R,0.00424,0.83
7pFkCMjIYl91V7oRIo0Sat,0.335,0.563
1nvWkJprc5e1oPnhE4GpRJ,0.744,0.688
5JbIiEY2Ttextq0Eoiw7qn,0.014,0.38
28ODUoO5s4YyxbHyEGVvl4,0.00261,0.674
7kCewiyBVwFoG4LvkUrA4a,0.295,0.774
2NKN9i1C2KQUxw9zHr1WKk,0.807,0.663
1UYRVAl0cRketxgh3oUGkR,0.511,0.406
2bwMzXRAdFQsrtkwkyyLB9,0.295,0.735
0Wl42CUb1phIU9O2aR1wXI,0.0482,0.515
3uYtTiE1oFDPFwmcw45fv0,0.00536,0.796
0t78xGJe3jXsih4qRMId7I,0.106,0.76
45UJM8VSh19mLBuaflhFnz,0.232,0.819
4TyL53zUFb1nJDVyU2sBHc,0.0274,0.837
4BPBkh7Lbdktyp864nVmT2,0.0153,0.577
7jYYyiCtQZwaFPC6HY03t9,0.337,0.727
4azEQ8axesN8EKPMxV0xI6,0.00538,0.727
504aMSptpjhMNdtYvbXzjv,0.000131,0.416
5oz3NuA3GxR0MtbcQrD8lu,0.00897,0.727
72SmD8s1DYkwUhoEkGlnyV,0.921,0.257
6gA5SRLqrfSOwgBIcxMmQv,0.000629,0.813
0bY6SdYZcid3fzp7im837v,0.622,0.563
7kKBeqbpnDudvCgv19iWgk,0.76,0.695
7htsc0LlU12RHPohQHleeL,0.321,0.741
0yxCvPl1SGagY9X75AdWFg,0.0415,0.727
4uvflzwxa0MhyvcR6wSX2p,0.00599,0.883
2uIAfPjrGgkq6icxJCYHz7,0.00447,0.795
77GXTALa7PIDZtK4K5TJBS,0.94,0.607
3NmOIJ6gV8y18KTndR8jsv,0.0251,0.667
1SMDuZThgauvMckxone4sT,0.797,0.169
3a3FYgS77is6aZ9o01cSkW,0.0105,0.664
5pkODNs3tEe8DMqjorjR8c,0.105,0.75
4lAvt4oKu3Sx3wimmnrt4T,0.00584,0.712
2RlVyAjLnGJQYp7uzpfUta,0.0969,0.722
5FSFVZALJIHk0C3yW85DpT,0.00105,0.499
3BOQOd4qPpdiwvqMQyh2Yg,0.0267,0.614
5hVBo97xvUPoUtwQqia4bK,7.53E-05,0.759
5kWShBA43yNFBzHk7g1Mtd,0.231,0.891
6Rz1EYDbzW7LFLGY8iGwVM,0.00149,0.866
3pbHWsFxkCnS9Bp4tAmYNi,0.619,0.621
6yHh1TAT9joULSICtKnCHX,0.27,0.68
5pSjxUAwOol5e0TWp1ecHC,9.44E-05,0.523
0yxCvPl1SGagY9X75AdWFg,0.0415,0.727
7fFCnttacpotkyhTOxKv14,0.0303,0.775
2uIAfPjrGgkq6icxJCYHz7,0.00447,0.795
7nbH85acNzcX2WrjAHUVd3,0.0181,0.889
3NmOIJ6gV8y18KTndR8jsv,0.0251,0.667
1TmLaiVxH5XFRcI08KUgrg,0.272,0.846
4nfXaLi2afbkDFu2lXX0yf,0.289,0.797
6fqqAsCYfDOtXAD8Ydo06K,0.0659,0.925
4yT1TKgGrH39PRIOEYKBav,0.0471,0.669
4KVTRIZIj1WWIxitbREDnK,0.799,0.254
56CtxUatjZ8401P0ezdUhs,0.0249,0.724
1HTR2cbs7Nor722yzYQi63,0.866,0.653
5I0bpa9nHdmL4c3e4taavs,0.000991,0.8
2uzyiRdvfNI5WxUiItv1y9,0.0218,0.262
69QUsDQSWhzvf4t5fAITAj,0.000334,0.65
5XDxDzQcdwRN88DqRj0OXQ,0.76,0.777
0rl0fbnw2wDqc1H1ajAZIh,0.495,0.784
088gbyPjGW9bF5Gf8hWKMA,0.196,0.809
1Ql45vwLjZCRBkljInQqOT,0.961,0.345
4AIHPdr6x3qNbxTR8ngWdQ,0.065,0.554
2c3gRr7yqrMXejUd4doTO7,0.247,0.507
4qaxeVzW69AqS6HHeMZaYC,0.876,0.377
4ITIWizmuT1cs7AMt1yF7k,0.0318,0.881
2D9rd6TIpqmDkog5Mx8kxl,1.13E-05,0.283
5K5GfpiRjUq8uf0AzppJkM,0.00555,0.719
3u7lKn9dJFHyJDG2q06Pzv,0.906,0.16
5kBt5q0UWUmQFdB7n9kuib,0.00118,0.655
2sNAjuCXxyj8jHt93t9IJ9,0.538,0.801
0dKQWx81b8DlQllCa8vvje,0.0964,0.768
4xHQTdD5oItTLv0rTjM5XN,0.236,0.654
1WWlh8iByzlXeOYJstcDLO,0.0135,0.915
3NjAxulzcqR9riwzAnoN7p,0.0346,0.846
1phdBoxTKYkkgk2cqOwCsQ,0.0799,0.713
5zqqZn6KxTKYCONNQh7OWJ,0.203,0.77
1xCFqQy6DCmjXb3WMGQ8NV,0.0176,0.641
3jmelhU4kuytaLPLeiAerH,0.000602,0.516
3n7Ja9KuRHYF22wgTdDz5c,0.979,0.698
4npMbTuxrUA3Wd7edACZ2L,0.00461,0.535
6KlFR5W1K7VuzkwhTlbloP,0.0771,0.573
6g1PQiyoaop6ktk2TLchtR,0.000924,0.948
7CI2cZrKokvryfINBDvybT,0.463,0.746
09oOhscdjOI4JzxgP9t0x3,0.000258,0.447
7trR4FDj1ZEAifsAL4Crew,0.0451,0.78
3z3bcIS2CBJ5pqWQjKPiIo,0.000155,0.558
0dKQWx81b8DlQllCa8vvje,0.0964,0.768
44LFap7VrB4356vfbQOZHg,0.18,0.695
1WWlh8iByzlXeOYJstcDLO,0.0135,0.915
09adY32LGenj4h6oFJV6NK,0.123,0.939
1phdBoxTKYkkgk2cqOwCsQ,0.0799,0.713
4WfRqfzYSSopd07hKWnxwr,0.0346,0.631
1xCFqQy6DCmjXb3WMGQ8NV,0.0176,0.641
67VjdDhTa5jzQxHGe6f26r,0.552,0.591
3n7Ja9KuRHYF22wgTdDz5c,0.979,0.698
3ZRd5Z0fiYtASLdEPPb16m,0.0181,0.838
4jFqazeQyl0RJC59DmscCx,0.499,0.839
1QGO7udymj4xp6w8jbpiF8,0.239,0.761
55vVXJPGKajUUHmhDwaA8Z,0.0025,0.715
0g9ne3xgPwtCj4W7QR7RFY,0.494,0.504
6MwNLKY25R05r9tWUG04L1,0.00183,0.681
1rg9ILnB4n7cxlO9UdIXaG,0.616,0.677
0TB3TOHLdUQT1OxzgOvSJX,0.223,0.571
1ZLa9gHN1bnjRtXI3NapTW,0.804,0.54
3nhKLddVjFenlzjZEPZlH7,0.21,0.94
3NOq1Gpiy4KwDni8NhOmHQ,0.32,0.755
740XNi2ZG60W2X8DdvlReB,0.0107,0.871
3W93koK957HaoaNHyA3dTm,0.0502,0.597
7Is69FHRZnUKotXbuSQYN7,0.0192,0.717
5sTpWs7WTyuQGlBQzfW4y1,0.337,0.756
0jLiblu97l7AL6qeqzEJmD,0.378,0.599
4OINOtS8TNW0G1nxjg9eXL,0.181,0.78
1t9XtYEu5M4kDBKKPOcVpQ,0.00094,0.66
2hhGE4ukKuNUsHAX9uqs0G,0.769,0.479
3cKys8k9kLLtfmvWJInL5t,0.00242,0.702
0ObV8vQoB8SJLf6vGv4xhB,0.805,0.138
45SFUi7lfZsYEZZcQcstSh,0.135,0.463
0xGa0PyJsByzRajl8KYefg,0.306,0.668
63Xlyyab4tgo0b0jdA90aZ,0.303,0.589
2Knlcf82LF6hp6Bf0gldtN,0.0847,0.502
6jdckPSqBYtt46vDeZCQg6,0.445,0.721
22Y1Gg0uugLCNP48yezX0q,0.172,0.882
79It5h0Zfqtt3jKqCnVyZ4,0.0124,0.811
74rP4kWouBsBlHPQxXvvqC,0.277,0.759
0qf6F3l9pXmVBDZu2kPLUK,0.000579,0.695
7tJWWwV1ExSEbhEWiTObl9,0.0274,0.707
15mUT7lYlP4io0IMQqUK6I,0.575,0.703
0aueluj36PA9LNoj7d9SFb,0.687,0.637
1eOFgRkUKIkfKEDQGOb6ni,0.00423,0.771
3i2qvQpEqbcpkyYuHsYBis,0.13,0.916
4jFqazeQyl0RJC59DmscCx,0.499,0.839
16MJqq0vEuW6GRX6faetTm,0.0844,0.747
55vVXJPGKajUUHmhDwaA8Z,0.0025,0.715
1iPvdHIQQSNJ4iRm92Bcbx,0.719,0.538
6MwNLKY25R05r9tWUG04L1,0.00183,0.681
5rnMgctZxjKDNdqrVqg7Bm,0.0659,0.444
1BxdBqVC2hhXKYdG56Y8wj,0.0243,0.595
0SoeiawkEYUJBtQce99lQd,0.00166,0.431
3IGMZZANPUg6ona6bR3cbn,0.0162,0.453
1uzkWkIaWaxzHJgJ4Fy5rO,0.45,0.59
3rtVUvXM4AyM2Uf1dDejpI,0.0121,0.674
4ANwRC8rQJHkaciHKYfUzQ,0.206,0.745
3sqHnybtHtskbWmPL9X3B2,0.504,0.709
4Frp9uObfJLGLsMXosQp27,0.0887,0.26
66D3EK8zBLgFOQiGTkc24O,0.303,0.665
1zo1WCdXM70TiBJHuyPdrK,0.972,0.65
6NNJWlWhdEp4xIa8OpKGL5,0.0541,0.75
0uqOqX59mgWBqfPAdX0BDK,0.453,0.704
6eUZ73FYcz8HGPWCacS5jx,0.709,0.714
1PUNthIXityeZlnRLcP7JI,0.153,0.872
7EYUxyutOtOFRueMUKwHyZ,0.0874,0.792
1m2INxep6LfNa25OEg5jZl,0.635,0.311
0TB3TOHLdUQT1OxzgOvSJX,0.223,0.571
5Jtg0qcTKMHq3HjPVGRFAi,0.00735,0.858
3nhKLddVjFenlzjZEPZlH7,0.21,0.94
0QIID5QKLB7sZAYUSEVBya,0.495,0.578
740XNi2ZG60W2X8DdvlReB,0.0107,0.871
3zMvotMEQK3xvH01vA9wAP,0.00212,0.691
7Is69FHRZnUKotXbuSQYN7,0.0192,0.717
2KeEzXxpADVpW1gbUj0rS7,0.00637,0.278
01H2bJZtFjAiqsJtzFbOXM,0.00192,0.741